deck,card
The Strip,A6
The Strip,D5
The Strip,F8
The Strip,Game Over
Albion Partners,A2
Albion Partners,B3
Albion Partners,B4
Albion Partners,C3
Albion Partners,C8
Albion Partners,D6
Albion Partners,D7
Albion Partners,E2
Albion Partners,F1
Sphinx Development,A4
Sphinx Development,B1
Sphinx Development,C2
Sphinx Development,C7
Sphinx Development,C12
Sphinx Development,D8
Sphinx Development,E6
Sphinx Development,F3
Sphinx Development,F4
Vega Alliance,A3
Vega Alliance,B5
Vega Alliance,C5
Vega Alliance,C10
Vega Alliance,D3
Vega Alliance,D4
Vega Alliance,E3
Vega Alliance,F6
Vega Alliance,F7
Tivoli Concepts,A5
Tivoli Concepts,B2
Tivoli Concepts,C1
Tivoli Concepts,C6
Tivoli Concepts,C11
Tivoli Concepts,D1
Tivoli Concepts,E4
Tivoli Concepts,F2
Tivoli Concepts,F9
Pioneer Group,A1
Pioneer Group,B6
Pioneer Group,C4
Pioneer Group,C9
Pioneer Group,D2
Pioneer Group,D9
Pioneer Group,E1
Pioneer Group,E5
Pioneer Group,F5
